username,gender,age,country
Sal,Female,49,Ukraine
Worden,Male,83,Russia
Jolynn,Female,22,Indonesia
Nichols,Male,59,China
Millie,Female,90,China
Adelice,Female,99,France
Keefe,Male,42,China
Eunice,Female,11,China
Niels,Male,98,New Zealand
Karney,Male,34,China
Karalee,Female,35,Thailand
Mata,Male,95,Colombia
Mora,Female,38,China
Elmo,Male,63,French Polynesia
Steffie,Female,90,China
Whitaker,Male,13,Poland
Parsifal,Male,83,Poland
Joell,Female,23,China
Gino,Male,98,Portugal
Bill,Male,40,Somalia
Sabine,Female,28,Argentina
Toddy,Male,59,Sierra Leone
Audi,Female,38,China
Camille,Female,59,Turkmenistan
Cull,Male,68,Syria
Ritchie,Male,47,Brazil
Wayne,Male,47,Indonesia
Kevon,Male,71,Israel
Fin,Male,35,China
Leonhard,Male,51,China
Christophe,Male,45,China
Ludovico,Male,48,China
Engracia,Female,85,United States
Neville,Male,63,Cuba
Tomas,Male,77,Netherlands
Ernst,Male,71,Argentina
Lizbeth,Female,24,China
Virgina,Female,19,Nicaragua
Gasper,Male,83,Czech Republic
Allen,Male,26,Ethiopia
Selene,Female,90,China
Hamilton,Male,85,Indonesia
Glyn,Female,29,Philippines
Kimball,Male,93,Indonesia
Gilda,Female,74,Brazil
Bel,Female,67,Iraq
Melloney,Female,85,Netherlands
Garrot,Male,94,France
Dniren,Other,93,Kazakhstan
Dolorita,Female,70,China
Prudi,Female,39,Ukraine
Hamlen,Male,22,Philippines
Hersch,Male,13,China
Wang,Male,70,Philippines
Madalena,Female,20,Thailand
Lynn,Female,37,Poland
Rich,Male,82,China
Odille,Female,27,Peru
Myra,Female,82,China
Dorey,Male,53,Indonesia
Katie,Other,21,Philippines
Nataline,Female,96,China
Querida,Female,12,Indonesia
Sherwin,Male,41,Indonesia
Shantee,Female,98,Brazil
Ezekiel,Male,89,China
Raynor,Male,39,China
Harriet,Female,17,Iran
Jerrold,Male,59,Russia
Tova,Female,61,Mexico
Emyle,Female,32,Canada
Collette,Female,83,Thailand
Micheal,Other,71,Peru
Lacy,Female,22,Ukraine
Meier,Male,77,Panama
Rustin,Male,65,Monaco
Keelby,Male,73,China
Tull,Male,13,France
Ross,Male,11,Barbados
Teddie,Male,74,France
Gibby,Male,60,China
Trent,Male,23,Russia
Chrissie,Male,79,Peru
Shauna,Female,76,Malaysia
Millicent,Female,39,Indonesia
Lawrence,Male,34,Portugal
Melitta,Female,30,Pakistan
Erin,Male,98,Nigeria
Danni,Female,65,Botswana
Samantha,Female,90,Ukraine
Hart,Male,96,Peru
Erasmus,Male,71,Japan
Elicia,Female,41,Czech Republic
See,Male,38,Brazil
Gardener,Other,50,Portugal
Thayne,Male,47,Dominican Republic
Sandi,Female,86,Ukraine
Irita,Female,76,Afghanistan
Nedi,Female,44,China
Ewen,Male,68,Japan
Jaymee,Female,30,Democratic Republic of the Congo
Rem,Male,100,Indonesia
Rori,Female,18,Guam
Sophey,Female,73,Brazil
Ruprecht,Other,85,China
Gloriane,Female,79,Ukraine
Burty,Male,39,Colombia
Andree,Other,48,China
Bogart,Male,80,Philippines
Wilhelmina,Female,58,Finland
Marcelle,Female,96,Indonesia
Clyde,Male,12,Indonesia
Sayers,Male,75,Philippines
Winifred,Female,91,China
Hubey,Male,66,China
Leicester,Male,22,Morocco
Dorelle,Other,32,Portugal
Daryn,Female,10,Papua New Guinea
Odelinda,Female,12,Brazil
Dmitri,Male,20,Greece
Jennine,Female,14,Philippines
Tobi,Female,15,Indonesia
Trixie,Female,33,China
Nathaniel,Male,56,Ukraine
Maure,Female,56,Mexico
Merralee,Female,31,Czech Republic
Elliott,Male,12,China
Stefanie,Other,23,Finland
Waldon,Male,71,Pakistan
Alvan,Male,98,Indonesia
Abdul,Male,93,Ukraine
Gunar,Male,28,Indonesia
Gwen,Female,77,Sweden
Omar,Male,24,Philippines
Harris,Male,90,Russia
Costanza,Female,89,Brunei
Lianne,Female,32,China
Tudor,Male,67,Poland
Alessandra,Female,97,Argentina
Caro,Female,90,Philippines
Carly,Male,33,Finland
Megen,Female,66,New Caledonia
Becca,Female,59,Sweden
Maud,Female,50,Israel
Horatio,Other,71,Russia
Ursulina,Female,96,Honduras
Salmon,Male,48,Philippines
Gino,Male,98,Sri Lanka
Kinsley,Male,32,China
Corny,Female,57,China
Giorgi,Other,36,China
Daisi,Female,44,Guinea
Eugen,Male,100,China
Corty,Male,100,Philippines
Shayne,Male,66,Canada
Lane,Male,54,Poland
Orsa,Female,84,China
Rudd,Male,79,Nigeria
Wren,Female,25,Kosovo
Friedrick,Male,39,France
Kaylil,Female,100,Poland
Penrod,Other,66,Indonesia
Retha,Female,67,Portugal
Linnet,Female,90,China
Hanni,Female,86,France
Wesley,Male,48,China
Fredelia,Female,42,Nigeria
Mikael,Male,17,Kazakhstan
Jemmie,Female,91,Martinique
Addie,Female,39,Nicaragua
Harmony,Female,48,Azerbaijan
Jandy,Female,71,Portugal
Kahaleel,Male,81,Tanzania
Darya,Female,30,Poland
Merridie,Female,74,Philippines
Leighton,Male,100,Argentina
Jillie,Female,23,Colombia
Randa,Female,16,United States
Ginny,Female,66,South Africa
Kelley,Male,36,Italy
Jannel,Female,95,Egypt
Peterus,Male,73,Indonesia
Kahaleel,Male,90,China
Shirley,Other,91,China
Gardiner,Male,91,China
Nina,Female,15,Philippines
Jamil,Male,79,Indonesia
Natty,Female,44,Indonesia
Elberta,Female,51,Yemen
Alyss,Female,73,Indonesia
Lory,Female,82,Russia
Lianne,Other,68,China
Ronica,Female,77,Poland
Dinnie,Female,40,Indonesia
Doroteya,Female,98,France
Benny,Male,24,Ethiopia
Aubry,Female,41,Czech Republic
Herbert,Male,44,Netherlands
Janis,Female,26,Iran
Caressa,Female,76,China
Clemmie,Female,92,Indonesia
Lisa,Female,85,Armenia
Moise,Male,45,Nigeria
Dani,Other,25,Poland
Hartley,Male,74,Poland
Felicio,Male,13,Sweden
Kial,Female,94,China
Celeste,Female,80,Kazakhstan
Talbert,Male,99,Thailand
Gard,Male,85,Ukraine
Guss,Male,12,Philippines
Sherye,Female,26,Zimbabwe
Vic,Male,29,China
Malinde,Female,95,Egypt
Estell,Other,30,Zambia
Anson,Male,40,Poland
Rosalynd,Female,90,France
Ivor,Male,29,Indonesia
Jacques,Male,79,Morocco
Harlene,Other,99,Norway
Moss,Male,57,Indonesia
Brina,Female,28,Cyprus
Carey,Male,14,China
Hurlee,Male,97,China
Lynnett,Female,71,Peru
Brit,Female,72,Argentina
Wren,Other,11,China
Janelle,Female,52,Russia
Orv,Male,79,Venezuela
Clim,Male,27,Nigeria
Hyatt,Male,41,China
Horatius,Male,99,Tajikistan
Dina,Other,45,Macedonia
Hernando,Male,87,China
Irene,Female,84,Philippines
Webster,Male,19,Philippines
Yuma,Male,86,Peru
Alphard,Male,56,Pakistan
Kienan,Male,33,China
Kipper,Male,40,Brazil
Illa,Female,96,Russia
Phil,Male,42,France
Rip,Male,88,Indonesia
Ware,Male,96,Brazil
Lark,Other,56,Poland
Vi,Female,97,Poland
Kris,Male,19,Zimbabwe
Amara,Female,27,Japan
Joshua,Male,88,Philippines
Bren,Female,89,United States
Farrel,Other,93,China
Jacky,Female,80,Nicaragua
Lyda,Other,48,Norway
Kincaid,Male,27,Myanmar
Herve,Male,98,Bulgaria
Shell,Male,35,France
Seline,Female,34,Mali
Tabor,Male,56,China
Celinda,Other,13,France
Shaine,Male,57,Mongolia
Adair,Male,13,Guatemala
Lorri,Female,85,Sweden
Reggis,Male,19,Nigeria
Alleyn,Male,74,Tanzania
Leigh,Female,61,China
Ham,Male,27,Honduras
Wrennie,Female,65,Poland
Kathy,Female,48,Brazil
Nev,Male,19,Latvia
Cathlene,Female,86,Greece
Sig,Male,32,Poland
Maddie,Female,81,China
Doe,Female,87,Serbia
Karel,Male,26,Canada
Grenville,Male,16,Colombia
Fredericka,Female,55,Sweden
Alvan,Male,11,Sweden
Nelly,Female,38,Colombia
Fenelia,Female,86,China
Alan,Male,14,Slovenia
Yance,Male,44,Serbia
Addy,Male,39,Philippines
Erich,Male,36,Serbia
Lyman,Male,30,Trinidad and Tobago
Alikee,Other,42,Russia
Rustin,Male,28,France
Aindrea,Female,87,Philippines
Adlai,Male,24,Philippines
Kahaleel,Male,85,Indonesia
Cleo,Other,73,China
Stanislaw,Male,68,Serbia
Rhoda,Female,36,Uruguay
Joey,Female,63,Peru
Odella,Female,71,Madagascar
Lolly,Female,30,China
Shanna,Female,75,China
Hedvig,Female,24,China
Aloin,Male,84,China
Kean,Male,34,South Africa
Berry,Female,13,China
Rivi,Other,23,Sweden
Bryan,Male,49,China
Jakob,Male,75,Czech Republic
Maggy,Female,90,Philippines
Bibi,Female,82,China
Hester,Female,84,Greece
Osbourn,Male,97,Tanzania
Lilla,Female,67,Philippines
Veronique,Female,52,Indonesia
Buck,Other,29,Poland
Rowland,Other,33,Tanzania
Amil,Female,87,Colombia
Thurston,Male,54,Russia
Madalyn,Female,59,Brazil
Nikola,Male,53,Lithuania
Dorolice,Female,60,Indonesia
Roi,Male,12,Ecuador
Charmane,Female,35,Dominican Republic
Emmi,Female,30,Brazil
Algernon,Male,49,China
Stephenie,Female,34,Colombia
Trina,Female,98,Russia
Clari,Female,24,China
Madelene,Female,97,France
Truda,Female,87,China
Hyatt,Male,80,Norway
Alisander,Male,70,Serbia
Alexandra,Female,75,China
Millie,Other,24,Indonesia
Lori,Female,52,United States
Joete,Female,82,Japan
Solly,Male,96,Russia
Vladamir,Other,98,Peru
Umberto,Male,52,Philippines
Christi,Female,81,Sudan
Anestassia,Female,62,Brazil
Christos,Male,45,Mexico
Edithe,Female,16,Japan
Tootsie,Female,60,France
Orson,Male,65,China
Mill,Male,87,Portugal
Jewelle,Female,19,Sweden
Rudyard,Male,22,Russia
Alameda,Female,96,China
Saundra,Male,99,Russia
Earle,Male,78,Portugal
Dolores,Female,41,Mexico
Janka,Female,69,Indonesia
Liam,Male,97,Nigeria
Farleigh,Male,36,Slovenia
Stoddard,Female,68,Costa Rica
Natalya,Female,71,Philippines
Faustina,Female,24,Indonesia
Denyse,Female,96,Russia
Carolin,Female,68,Namibia
Michaeline,Female,52,Russia
Heidie,Female,64,United States
Efrem,Male,87,Sri Lanka
Gussie,Other,64,United States
Jourdain,Male,36,Vietnam
Yvon,Male,81,Morocco
Jerrie,Male,77,Indonesia
Meridel,Female,63,Croatia
Elias,Male,23,Colombia
Putnam,Male,34,Malawi
Loraine,Female,17,France
Junie,Female,22,Sweden
Jeanne,Other,69,Ukraine
Barclay,Male,32,Colombia
Oralee,Female,28,Czech Republic
Edie,Female,73,Iraq
Gonzalo,Male,91,Russia
Mariellen,Other,64,China
Aubert,Male,84,United Arab Emirates
Ab,Male,41,Malaysia
Nicolais,Other,18,Indonesia
Jessa,Female,75,Ireland
Brennen,Male,84,China
Roderich,Male,77,China
Jeddy,Male,76,France
Layney,Female,32,Russia
Shanon,Female,97,Indonesia
Dulcinea,Female,81,Canada
Mallory,Male,10,Philippines
Jan,Female,41,China
Norrie,Male,85,Ecuador
Sandie,Female,17,Sweden
Oberon,Male,60,Thailand
Mignon,Female,61,Philippines
Daloris,Female,82,Philippines
Tymothy,Male,46,China
Meta,Female,12,Czech Republic
Jerrine,Female,76,Uzbekistan
Natal,Male,21,China
Ruthanne,Female,19,Uganda
Etheline,Female,53,Nigeria
Cassey,Female,91,Benin
Diahann,Female,44,Peru
Waldemar,Other,49,Azerbaijan
Torey,Male,17,Netherlands
Bradford,Other,63,Indonesia
Andie,Male,69,Russia
Alejandra,Female,14,China
Ancell,Male,21,Palestinian Territory
Abelard,Male,44,Russia
Aurore,Female,43,Poland
Arlie,Female,91,Brazil
Arney,Male,23,Cyprus
Morgen,Female,40,United States
Waring,Male,19,Mexico
Kelcy,Female,64,China
Maryjo,Female,22,China
Ariana,Female,45,Venezuela
Mattias,Male,76,Canada
Ricki,Male,13,Vietnam
Adham,Other,67,Sweden
Xena,Female,18,Nigeria
Elenore,Female,51,Honduras
Renee,Female,44,Morocco
Tommy,Male,50,Egypt
Charles,Male,40,Russia
Kele,Male,42,United States
Vania,Female,25,Swaziland
Joachim,Male,32,Argentina
Elvin,Male,63,France
Neda,Female,20,Nigeria
Gratia,Female,57,Japan
Marlyn,Female,95,China
Nataniel,Male,47,Cameroon
Lowell,Male,74,Russia
Dorene,Other,65,Mauritania
Elmore,Male,20,Bulgaria
Rosetta,Female,46,China
Aharon,Male,31,Mongolia
Kiele,Female,61,Australia
Rosanne,Female,34,Indonesia
Edna,Female,29,Japan
Travus,Male,78,China
Emmalynn,Female,82,Colombia
Scott,Other,52,Czech Republic
Johnnie,Male,18,Indonesia
Theadora,Female,95,China
Orsola,Female,59,Indonesia
Eldon,Male,36,Sweden
Fair,Male,13,China
Jeffy,Male,72,Russia
Teresa,Female,50,France
Artemus,Male,76,Argentina
Haley,Male,83,United States
Blondelle,Female,96,Poland
Correy,Male,63,Russia
Godfree,Male,61,Philippines
Micki,Female,99,France
Kizzie,Female,88,Malta
Herminia,Female,71,Russia
Hubert,Male,54,Indonesia
Dell,Male,32,Portugal
Monroe,Male,22,Czech Republic
Ellis,Male,33,Norway
Ronald,Male,40,China
Sandro,Other,29,South Africa
Zarah,Female,83,Argentina
Pepe,Male,97,Portugal
Paddie,Male,19,Philippines
Cookie,Female,11,Indonesia
Saunderson,Male,19,Argentina
Trula,Female,23,Peru
Gris,Male,96,China
Abbe,Male,21,France
Katheryn,Female,64,Indonesia
Deck,Male,86,Mozambique
Othelia,Female,19,Thailand
Mathilde,Other,13,Vietnam
Solly,Male,46,Greece
Taylor,Other,62,Latvia
Bonita,Female,24,Cyprus
Ole,Other,46,China
Fredelia,Female,34,Indonesia
Magdalen,Female,90,China
Pall,Male,33,China
Kailey,Female,79,Russia
Jerad,Male,87,Jamaica
Sindee,Female,40,China
Mira,Female,22,Philippines
Joycelin,Female,49,Philippines
Amye,Female,13,Kosovo
Sher,Female,45,Japan
Betsy,Female,29,Indonesia
Jessee,Male,91,Brazil
Noah,Male,56,China
Erin,Female,56,China
Carlynn,Female,85,Zimbabwe
Alfonse,Male,100,Sweden
Hyman,Male,13,Madagascar
Dunstan,Male,43,Russia
Shaina,Female,77,Canada
Stephen,Male,52,Greece
Vick,Male,87,Colombia
Codie,Male,55,Russia
Loren,Male,82,Nigeria
Amberly,Female,39,Mexico
Arnaldo,Male,28,Saudi Arabia
Lana,Female,44,New Zealand
Donall,Male,76,Norway
Cross,Other,67,Malaysia
Mavra,Female,37,China
Lissie,Female,87,China
Emanuel,Male,14,France
Emmey,Other,31,China
Denise,Female,83,Indonesia
Tallulah,Other,13,Czech Republic
Theodore,Male,76,Honduras
Erastus,Male,67,Brazil
Dominica,Other,74,China
Timothee,Male,90,Brazil
Colet,Male,59,Argentina
Wilton,Other,69,Libya
Amara,Female,87,Indonesia
Lyn,Male,13,Philippines
Winnifred,Female,42,Russia
Zonda,Female,16,Indonesia
Charo,Female,56,Mali
Jerad,Male,89,China
Charmain,Female,87,Indonesia
Emmalyn,Female,75,China
Dominic,Other,72,Philippines
Tabbie,Male,58,Brazil
Briant,Male,43,Czech Republic
Edd,Male,54,China
Anatollo,Male,49,Albania
Wendell,Male,72,Ukraine
Bard,Male,73,Venezuela
Hobie,Male,80,United States
Francklin,Male,63,Poland
Isahella,Female,82,China
Cornelius,Male,50,Indonesia
Harlin,Male,32,China
Casi,Female,75,Czech Republic
Demetrius,Male,12,China
Jesse,Other,74,Brazil
Arlene,Female,76,China
Luciana,Female,29,Poland
Bailey,Male,46,Russia
Kinnie,Male,41,Albania
Emmey,Female,97,Indonesia
Gavrielle,Female,53,Russia
Anette,Female,69,Russia
Vito,Male,17,Honduras
Joice,Female,30,Nigeria
Del,Female,81,Swaziland
Ardyce,Female,67,Portugal
Ursa,Female,85,China
Ange,Female,22,China
Coop,Male,43,Moldova
Burke,Male,96,Guatemala
Collette,Female,78,Indonesia
Silvan,Male,28,Colombia
Sutherland,Male,22,Palestinian Territory
Harmonie,Female,27,Indonesia
Lavinie,Female,20,Indonesia
Tracie,Other,100,Colombia
Murry,Male,88,United States
Kienan,Male,69,France
Far,Male,38,China
Eartha,Female,48,Ukraine
Geri,Other,82,China
Annaliese,Female,98,Portugal
Ev,Male,32,Ecuador
Galvin,Male,14,Philippines
Prinz,Male,51,Portugal
Violetta,Other,59,China
Jerrie,Other,70,China
Alejandra,Female,76,China
Barbi,Female,49,Greece
Obidiah,Male,31,Yemen
Leisha,Female,67,France
Corette,Female,37,Brazil
Fletch,Male,50,Jordan
Adriano,Male,79,Portugal
Chloris,Female,81,Malta
Vinny,Female,94,Philippines
Clair,Female,49,Kenya
Kiley,Female,27,Thailand
Amie,Other,46,China
Heall,Male,63,Japan
Rudolph,Male,93,Kazakhstan
Winslow,Male,67,Afghanistan
Mathe,Male,71,Greece
Anastasie,Female,15,Poland
Lesley,Female,97,Vietnam
Robbert,Male,68,China
Efrem,Male,68,Portugal
Lory,Other,56,Morocco
Keenan,Male,69,China
Jamie,Other,13,China
Merralee,Female,89,Ghana
Brigid,Female,64,Tanzania
Philomena,Female,67,Sweden
Larissa,Other,100,China
Lorri,Female,19,France
Ferrell,Male,50,France
Chic,Male,13,China
Boony,Male,88,Dominican Republic
Marlowe,Male,77,Philippines
Curr,Male,61,Thailand
Daffi,Female,68,China
Drucill,Other,93,Netherlands
Roanne,Female,55,France
Carlin,Male,69,Myanmar
Emilee,Female,62,Philippines
Kennie,Male,90,Palestinian Territory
Barbette,Female,56,Philippines
Kacey,Female,13,Sweden
Luci,Female,16,China
Ernesto,Male,40,Argentina
Bret,Male,93,Russia
Juline,Other,78,Indonesia
Wileen,Female,57,Thailand
Sammie,Male,80,Philippines
Cheri,Female,29,Egypt
Lark,Female,55,Brazil
Kermy,Male,15,Philippines
Zilvia,Female,99,Brazil
Jerrold,Male,63,Czech Republic
Eldin,Male,25,Thailand
Joann,Female,97,Czech Republic
Kyla,Female,67,Malta
Gothart,Male,80,Brazil
Lorne,Male,47,Iran
Rurik,Male,95,Philippines
Brit,Male,100,Indonesia
Merle,Female,51,Greece
Olia,Other,28,China
Myrle,Female,36,China
Milzie,Female,49,Czech Republic
Aleen,Female,15,Germany
Elinor,Other,69,Argentina
Alene,Female,87,Italy
Kayne,Male,14,United States
Eustace,Male,92,Sweden
Ulrich,Male,18,Philippines
Amalle,Female,24,China
Francois,Male,83,Indonesia
Ethan,Male,56,China
Guillema,Female,21,China
Charmine,Female,31,Italy
Moises,Male,45,Thailand
Halley,Female,18,Czech Republic
Olly,Female,22,China
Elita,Female,96,Poland
Isa,Female,99,Sweden
Celestina,Female,84,France
Annetta,Female,98,Brazil
Bailie,Male,41,Indonesia
Rora,Other,50,China
Caitrin,Female,95,China
Benedicta,Female,64,Chile
Norina,Female,64,France
Hilliard,Male,65,China
Gweneth,Other,27,Mexico
Letizia,Female,28,Ukraine
Tedmund,Male,60,Poland
Micah,Male,52,Turkey
Corina,Female,62,Trinidad and Tobago
Ailee,Female,98,Sweden
Christophe,Male,43,Russia
Alfredo,Male,40,Greece
Tiffie,Female,92,Indonesia
Janene,Female,44,Indonesia
Martainn,Male,88,New Zealand
Neron,Male,64,Iran
Else,Female,39,Macedonia
Jean,Male,36,Indonesia
Dacy,Female,35,Afghanistan
Felicity,Other,54,Russia
Yolane,Other,35,Philippines
Roland,Male,82,Russia
Kendall,Male,41,Czech Republic
Fifi,Other,19,Thailand
Joshua,Male,28,Brazil
Gonzalo,Male,20,Indonesia
Manuel,Male,39,China
Bendick,Male,20,Democratic Republic of the Congo
Morissa,Female,45,Sweden
Bernadina,Female,72,Argentina
Rhianon,Female,83,Indonesia
Kaitlynn,Female,99,Indonesia
Darrell,Other,65,China
Gabie,Male,72,Indonesia
Derrick,Male,53,China
Merralee,Female,64,Japan
Ailee,Other,39,Indonesia
Traver,Male,44,Argentina
Adriane,Female,62,France
Dyann,Female,77,Democratic Republic of the Congo
Claudetta,Female,86,Thailand
Rosanne,Female,13,United States
Samuel,Male,32,Bolivia
Bartlet,Male,88,Cambodia
Ignacius,Male,31,Sweden
Rosamond,Female,73,Bosnia and Herzegovina
Xenia,Female,86,Sweden
Nola,Other,60,Bangladesh
Cookie,Female,91,Brazil
Linnea,Female,67,Finland
Harlin,Male,81,Cuba
Hubie,Other,26,Portugal
Winston,Male,86,China
Florette,Other,19,Colombia
Cynde,Other,87,Philippines
Elie,Female,83,China
Raf,Female,98,China
Mahala,Female,48,China
Toddy,Male,72,Benin
Rudy,Male,12,Russia
Godard,Male,38,Chad
Seth,Male,81,Finland
Kristyn,Female,92,Indonesia
Quinton,Male,84,Tunisia
Tish,Female,83,Sweden
Sonnie,Male,37,Canada
Papageno,Male,20,Greece
Mendie,Male,32,China
Annabel,Female,67,China
Torey,Female,64,Kazakhstan
Bart,Male,53,Portugal
Seth,Male,29,Portugal
Rina,Female,57,Argentina
Sally,Female,84,China
Margaret,Female,34,China
Domeniga,Female,39,Argentina
Lanny,Male,55,Philippines
Keary,Male,80,Canada
Reilly,Male,18,Poland
Dania,Female,38,Palau
Jesus,Male,15,Nigeria
Kylila,Female,62,Panama
Thatch,Other,27,China
Rob,Male,54,China
Ashlin,Male,28,Costa Rica
Stillmann,Male,99,Guatemala
Blanche,Other,100,Ecuador
Bancroft,Male,56,Portugal
Kalindi,Female,82,China
Gina,Female,11,China
Lurlene,Female,43,China
Corrine,Female,39,Bulgaria
Bobbee,Female,96,Uzbekistan
Pennie,Other,90,Cuba
Reggi,Female,29,Czech Republic
Fidole,Male,84,Brazil
Marylou,Female,95,Indonesia
Junette,Female,10,Indonesia
Aubrette,Female,65,Argentina
Noam,Male,91,China
Justen,Male,96,Poland
Margette,Female,40,China
Sheryl,Female,55,Indonesia
Felicio,Other,25,Mexico
Esme,Female,67,Philippines
Brittan,Female,47,Philippines
Blythe,Female,100,China
Danita,Female,50,Philippines
Hestia,Female,16,Mexico
Guthrie,Male,60,China
Rozanne,Female,25,Ukraine
Lydon,Male,24,Indonesia
Antonella,Other,62,Philippines
Lucina,Female,10,Norway
Reuben,Male,60,China
Birch,Male,84,China
Olwen,Female,73,China
Oswell,Male,33,Indonesia
Skipper,Male,29,China
Silvia,Female,69,Brazil
Scottie,Male,90,Peru
Janaya,Female,91,China
Ariel,Male,14,China
Porter,Male,71,Philippines
Idell,Female,87,Syria
Lucais,Male,73,Philippines
Olly,Male,75,Philippines
Kali,Female,61,Indonesia
Taite,Male,47,South Korea
Perry,Male,74,Ukraine
Zora,Female,41,Czech Republic
Dore,Male,32,China
Coleman,Male,11,Portugal
Sigmund,Male,63,Canada
Jilleen,Female,34,Iran
Cory,Male,83,Mexico
Darsey,Female,53,Laos
Sinclair,Male,69,Madagascar
Babara,Female,26,Russia
Rubia,Female,84,Portugal
Margret,Female,14,Indonesia
Keen,Male,63,Russia
Elset,Female,64,United States
Craggy,Male,96,United States
Rosetta,Female,10,Colombia
Franchot,Male,91,China
Corny,Other,27,China
Laney,Female,96,Vietnam
Klara,Female,43,China
Drusy,Female,72,North Korea
Cristen,Female,54,Mongolia
Doreen,Female,77,Dominican Republic
Harald,Male,22,France
Zabrina,Female,12,China
Fernanda,Female,62,Ukraine
Fania,Female,17,Russia
Delmor,Male,92,China
Minnnie,Female,97,Bangladesh
Albrecht,Male,52,Brazil
Ag,Female,40,China
Jeanelle,Female,85,Brazil
Tobey,Female,76,Poland
Pauly,Male,50,Vietnam
Carly,Male,83,Armenia
Stephi,Female,33,China
Carrol,Male,59,Brazil
Isidora,Female,73,Brazil
Griffie,Male,79,Philippines
Padgett,Male,99,Palestinian Territory
Nollie,Female,51,Philippines
Caty,Female,67,China
Reba,Female,69,China
Jill,Other,32,Serbia
Kenn,Male,59,Bangladesh
Rosaline,Female,45,Pakistan
Dorie,Other,48,China
Vinson,Male,26,Myanmar
Aeriel,Female,80,Norway
Sigmund,Male,19,Indonesia
Hewe,Other,86,Philippines
Jeddy,Male,82,Indonesia
Ugo,Male,18,Colombia
Vidovik,Male,97,Botswana
Lemmie,Other,17,Brazil
Bria,Female,57,Czech Republic
Hamnet,Male,84,Madagascar
Modesty,Female,12,China
Augie,Male,75,China
Andromache,Female,40,Poland
Loralee,Female,64,France
Corella,Female,94,Netherlands
Gipsy,Female,24,China
Gian,Male,28,Portugal
Clim,Other,40,South Africa
Lishe,Female,40,Argentina
Lucius,Male,11,Portugal
Claybourne,Male,53,Albania
Katti,Female,94,China
Ham,Male,100,China
Tyrone,Male,94,Sweden
Hilliary,Female,63,Belize
Maurise,Male,73,Ethiopia
Brennen,Male,66,Mexico
Beitris,Other,48,Brazil
Roma,Male,75,Morocco
Alexandr,Male,80,Syria
Clarance,Male,92,Bangladesh
Pat,Male,33,China
Maybelle,Female,27,Canada
Arnoldo,Male,96,Portugal
Keary,Male,29,Syria
Arie,Male,49,China
Elton,Male,35,Russia
Geraldine,Female,75,Philippines
Paloma,Female,63,Armenia
Darelle,Female,97,Greece
Jaquenette,Female,46,Angola
Kesley,Female,39,France
Lyndy,Female,39,Greece
Valry,Other,32,Brazil
Marquita,Other,82,Indonesia
Kristan,Female,10,Paraguay
Hillary,Male,49,Afghanistan
Herve,Male,48,France
Wendel,Male,11,Portugal
Clarence,Other,37,Greece
Cherie,Female,31,Bosnia and Herzegovina
Sadye,Female,85,Indonesia
Kenn,Male,96,China
Karlis,Male,37,China
Annmaria,Female,88,Nigeria
Quillan,Male,67,Ukraine
Ludwig,Male,50,Dominican Republic
Neron,Other,21,China
Zach,Male,95,Liechtenstein
Kylynn,Other,18,Sweden
Evangeline,Female,44,Japan
Farrel,Male,80,Indonesia
Joelynn,Female,50,China
Salomone,Male,90,Russia
Guglielmo,Male,43,Mexico
Indira,Female,51,China
Kurt,Male,72,Indonesia
Mamie,Female,24,China
Gerrie,Other,24,Russia
Scarlett,Female,71,Sweden
Addison,Male,10,Russia
Kris,Female,19,Philippines
Darline,Female,28,Haiti
Abigail,Female,98,Indonesia
Kati,Female,82,Brazil
Rianon,Female,18,France
Maddalena,Female,68,China
Tate,Other,73,Indonesia
Norina,Female,55,Indonesia
Carlin,Other,19,Indonesia
Ardene,Female,38,China
Wenda,Female,56,Colombia
Karina,Female,78,Portugal
Adelind,Female,38,Brazil
Jordon,Male,92,Kazakhstan
Maynard,Male,72,Argentina
Merrilee,Female,71,Indonesia
Noak,Male,99,United States
Roosevelt,Male,42,Ukraine
Renell,Female,47,China
Sebastien,Male,79,Indonesia
Monty,Other,50,United States
Lesli,Female,43,Chile
Eada,Female,71,Portugal
Conney,Male,16,Russia
Rickard,Male,10,Philippines
Brook,Male,96,China
Teddie,Male,40,Mongolia
Stanley,Male,91,Indonesia
Dilly,Male,65,China
Auberon,Male,74,Indonesia
Bert,Female,43,Egypt
Wilmer,Male,54,South Africa
Cy,Male,98,Peru
Hilde,Female,66,China
Timmi,Female,81,Croatia
Kin,Male,15,Indonesia
Rickey,Male,73,Indonesia
Sandye,Female,93,Italy
Tomas,Male,92,Brazil
Alayne,Female,10,Poland
Heidie,Female,100,Brazil
Damita,Female,39,Canada
Audre,Female,44,Ireland
Adamo,Male,92,Palestinian Territory
Dionisio,Male,79,Indonesia
Lukas,Male,84,Brazil
Gusella,Female,43,Malaysia
Natalina,Female,88,Vietnam
Marshall,Male,91,Sweden
Joshia,Male,16,Sweden
Pinchas,Male,96,Argentina
Lezlie,Female,60,Croatia
Valle,Other,34,Philippines
Lesli,Female,25,Russia
Corie,Female,34,Mongolia
Fifi,Female,72,Indonesia
Dominga,Female,16,Colombia
Murdock,Male,11,Russia
Brita,Female,98,Philippines
Shannah,Female,31,China
Ruthie,Female,89,Sri Lanka
Burk,Male,18,Thailand
Alfy,Male,85,Philippines
Alister,Male,17,Indonesia
Blondie,Female,74,China
Lucretia,Female,63,Myanmar
April,Female,74,Peru
Elaina,Female,72,Guatemala
Lonny,Male,62,Ukraine
Cornell,Male,37,Syria
Ardra,Female,11,Russia
Marmaduke,Male,56,Sweden
Judie,Female,69,United States
Arabella,Female,31,Kenya
Fabien,Male,72,Pakistan
Marjie,Female,86,Canada
Johna,Female,15,Iran
Vanya,Female,65,Palestinian Territory
Rhodie,Female,52,China
Carlynn,Female,81,China
Hillard,Male,72,Philippines
Darwin,Male,43,Philippines
Tadeo,Male,66,Russia
Emmanuel,Male,20,Argentina
Gregorius,Male,92,Morocco
Mariel,Other,67,Indonesia
Easter,Female,73,Mexico
Norbert,Male,33,China
Gerry,Male,24,Madagascar
Felecia,Female,76,Philippines
Lilla,Female,99,South Korea
Faun,Female,84,China
Klarika,Female,79,Austria
Tallia,Female,38,Indonesia
Chadd,Male,60,China
Renae,Female,97,Indonesia
Ellette,Female,80,China