id,name,gender,age,country
1,Sal,Female,49,Ukraine
2,Worden,Male,83,Russia
3,Jolynn,Female,22,Indonesia
4,Nichols,Male,59,China
5,Millie,Female,90,China
6,Adelice,Female,99,France
7,Keefe,Male,42,China
8,Eunice,Female,11,China
9,Niels,Male,98,New Zealand
10,Karney,Male,34,China
11,Karalee,Female,35,Thailand
12,Mata,Male,95,Colombia
13,Mora,Female,38,China
14,Elmo,Male,63,French Polynesia
15,Steffie,Female,90,China
16,Whitaker,Male,13,Poland
17,Parsifal,Male,83,Poland
18,Joell,Female,23,China
19,Gino,Male,98,Portugal
20,Bill,Male,40,Somalia
21,Sabine,Female,28,Argentina
22,Toddy,Male,59,Sierra Leone
23,Audi,Female,38,China
24,Camille,Female,59,Turkmenistan
25,Cull,Male,68,Syria
26,Ritchie,Male,47,Brazil
27,Wayne,Male,47,Indonesia
28,Kevon,Male,71,Israel
29,Fin,Male,35,China
30,Leonhard,Male,51,China
31,Christophe,Male,45,China
32,Ludovico,Male,48,China
33,Engracia,Female,85,United States
34,Neville,Male,63,Cuba
35,Tomas,Male,77,Netherlands
36,Ernst,Male,71,Argentina
37,Lizbeth,Female,24,China
38,Virgina,Female,19,Nicaragua
39,Gasper,Male,83,Czech Republic
40,Allen,Male,26,Ethiopia
41,Selene,Female,90,China
42,Hamilton,Male,85,Indonesia
43,Glyn,Female,29,Philippines
44,Kimball,Male,93,Indonesia
45,Gilda,Female,74,Brazil
46,Bel,Female,67,Iraq
47,Melloney,Female,85,Netherlands
48,Garrot,Male,94,France
49,Dniren,Bigender,93,Kazakhstan
50,Dolorita,Female,70,China
51,Prudi,Female,39,Ukraine
52,Hamlen,Male,22,Philippines
53,Hersch,Male,13,China
54,Wang,Male,70,Philippines
55,Madalena,Female,20,Thailand
56,Lynn,Female,37,Poland
57,Rich,Male,82,China
58,Odille,Female,27,Peru
59,Myra,Female,82,China
60,Dorey,Male,53,Indonesia
61,Katie,Agender,21,Philippines
62,Nataline,Female,96,China
63,Querida,Female,12,Indonesia
64,Sherwin,Male,41,Indonesia
65,Shantee,Female,98,Brazil
66,Ezekiel,Male,89,China
67,Raynor,Male,39,China
68,Harriet,Female,17,Iran
69,Jerrold,Male,59,Russia
70,Tova,Female,61,Mexico
71,Emyle,Female,32,Canada
72,Collette,Female,83,Thailand
73,Micheal,Agender,71,Peru
74,Lacy,Female,22,Ukraine
75,Meier,Male,77,Panama
76,Rustin,Male,65,Monaco
77,Keelby,Male,73,China
78,Tull,Male,13,France
79,Ross,Male,11,Barbados
80,Teddie,Male,74,France
81,Gibby,Male,60,China
82,Trent,Male,23,Russia
83,Chrissie,Male,79,Peru
84,Shauna,Female,76,Malaysia
85,Millicent,Female,39,Indonesia
86,Lawrence,Male,34,Portugal
87,Melitta,Female,30,Pakistan
88,Erin,Male,98,Nigeria
89,Danni,Female,65,Botswana
90,Samantha,Female,90,Ukraine
91,Hart,Male,96,Peru
92,Erasmus,Male,71,Japan
93,Elicia,Female,41,Czech Republic
94,See,Male,38,Brazil
95,Gardener,Non-binary,50,Portugal
96,Thayne,Male,47,Dominican Republic
97,Sandi,Female,86,Ukraine
98,Irita,Female,76,Afghanistan
99,Nedi,Female,44,China
100,Ewen,Male,68,Japan
101,Jaymee,Female,30,Democratic Republic of the Congo
102,Rem,Male,100,Indonesia
103,Rori,Female,18,Guam
104,Sophey,Female,73,Brazil
105,Ruprecht,Genderqueer,85,China
106,Gloriane,Female,79,Ukraine
107,Burty,Male,39,Colombia
108,Andree,Non-binary,48,China
109,Bogart,Male,80,Philippines
110,Wilhelmina,Female,58,Finland
111,Marcelle,Female,96,Indonesia
112,Clyde,Male,12,Indonesia
113,Sayers,Male,75,Philippines
114,Winifred,Female,91,China
115,Hubey,Male,66,China
116,Leicester,Male,22,Morocco
117,Dorelle,Agender,32,Portugal
118,Daryn,Female,10,Papua New Guinea
119,Odelinda,Female,12,Brazil
120,Dmitri,Male,20,Greece
121,Jennine,Female,14,Philippines
122,Tobi,Female,15,Indonesia
123,Trixie,Female,33,China
124,Nathaniel,Male,56,Ukraine
125,Maure,Female,56,Mexico
126,Merralee,Female,31,Czech Republic
127,Elliott,Male,12,China
128,Stefanie,Bigender,23,Finland
129,Waldon,Male,71,Pakistan
130,Alvan,Male,98,Indonesia
131,Abdul,Male,93,Ukraine
132,Gunar,Male,28,Indonesia
133,Gwen,Female,77,Sweden
134,Omar,Male,24,Philippines
135,Harris,Male,90,Russia
136,Costanza,Female,89,Brunei
137,Lianne,Female,32,China
138,Tudor,Male,67,Poland
139,Alessandra,Female,97,Argentina
140,Caro,Female,90,Philippines
141,Carly,Male,33,Finland
142,Megen,Female,66,New Caledonia
143,Becca,Female,59,Sweden
144,Maud,Female,50,Israel
145,Horatio,Genderqueer,71,Russia
146,Ursulina,Female,96,Honduras
147,Salmon,Male,48,Philippines
148,Gino,Male,98,Sri Lanka
149,Kinsley,Male,32,China
150,Corny,Female,57,China
151,Giorgi,Polygender,36,China
152,Daisi,Female,44,Guinea
153,Eugen,Male,100,China
154,Corty,Male,100,Philippines
155,Shayne,Male,66,Canada
156,Lane,Male,54,Poland
157,Orsa,Female,84,China
158,Rudd,Male,79,Nigeria
159,Wren,Female,25,Kosovo
160,Friedrick,Male,39,France
161,Kaylil,Female,100,Poland
162,Penrod,Bigender,66,Indonesia
163,Retha,Female,67,Portugal
164,Linnet,Female,90,China
165,Hanni,Female,86,France
166,Wesley,Male,48,China
167,Fredelia,Female,42,Nigeria
168,Mikael,Male,17,Kazakhstan
169,Jemmie,Female,91,Martinique
170,Addie,Female,39,Nicaragua
171,Harmony,Female,48,Azerbaijan
172,Jandy,Female,71,Portugal
173,Kahaleel,Male,81,Tanzania
174,Darya,Female,30,Poland
175,Merridie,Female,74,Philippines
176,Leighton,Male,100,Argentina
177,Jillie,Female,23,Colombia
178,Randa,Female,16,United States
179,Ginny,Female,66,South Africa
180,Kelley,Male,36,Italy
181,Jannel,Female,95,Egypt
182,Peterus,Male,73,Indonesia
183,Kahaleel,Male,90,China
184,Shirley,Genderqueer,91,China
185,Gardiner,Male,91,China
186,Nina,Female,15,Philippines
187,Jamil,Male,79,Indonesia
188,Natty,Female,44,Indonesia
189,Elberta,Female,51,Yemen
190,Alyss,Female,73,Indonesia
191,Lory,Female,82,Russia
192,Lianne,Genderfluid,68,China
193,Ronica,Female,77,Poland
194,Dinnie,Female,40,Indonesia
195,Doroteya,Female,98,France
196,Benny,Male,24,Ethiopia
197,Aubry,Female,41,Czech Republic
198,Herbert,Male,44,Netherlands
199,Janis,Female,26,Iran
200,Caressa,Female,76,China
201,Clemmie,Female,92,Indonesia
202,Lisa,Female,85,Armenia
203,Moise,Male,45,Nigeria
204,Dani,Bigender,25,Poland
205,Hartley,Male,74,Poland
206,Felicio,Male,13,Sweden
207,Kial,Female,94,China
208,Celeste,Female,80,Kazakhstan
209,Talbert,Male,99,Thailand
210,Gard,Male,85,Ukraine
211,Guss,Male,12,Philippines
212,Sherye,Female,26,Zimbabwe
213,Vic,Male,29,China
214,Malinde,Female,95,Egypt
215,Estell,Bigender,30,Zambia
216,Anson,Male,40,Poland
217,Rosalynd,Female,90,France
218,Ivor,Male,29,Indonesia
219,Jacques,Male,79,Morocco
220,Harlene,Genderfluid,99,Norway
221,Moss,Male,57,Indonesia
222,Brina,Female,28,Cyprus
223,Carey,Male,14,China
224,Hurlee,Male,97,China
225,Lynnett,Female,71,Peru
226,Brit,Female,72,Argentina
227,Wren,Genderqueer,11,China
228,Janelle,Female,52,Russia
229,Orv,Male,79,Venezuela
230,Clim,Male,27,Nigeria
231,Hyatt,Male,41,China
232,Horatius,Male,99,Tajikistan
233,Dina,Polygender,45,Macedonia
234,Hernando,Male,87,China
235,Irene,Female,84,Philippines
236,Webster,Male,19,Philippines
237,Yuma,Male,86,Peru
238,Alphard,Male,56,Pakistan
239,Kienan,Male,33,China
240,Kipper,Male,40,Brazil
241,Illa,Female,96,Russia
242,Phil,Male,42,France
243,Rip,Male,88,Indonesia
244,Ware,Male,96,Brazil
245,Lark,Bigender,56,Poland
246,Vi,Female,97,Poland
247,Kris,Male,19,Zimbabwe
248,Amara,Female,27,Japan
249,Joshua,Male,88,Philippines
250,Bren,Female,89,United States
251,Farrel,Polygender,93,China
252,Jacky,Female,80,Nicaragua
253,Lyda,Bigender,48,Norway
254,Kincaid,Male,27,Myanmar
255,Herve,Male,98,Bulgaria
256,Shell,Male,35,France
257,Seline,Female,34,Mali
258,Tabor,Male,56,China
259,Celinda,Genderqueer,13,France
260,Shaine,Male,57,Mongolia
261,Adair,Male,13,Guatemala
262,Lorri,Female,85,Sweden
263,Reggis,Male,19,Nigeria
264,Alleyn,Male,74,Tanzania
265,Leigh,Female,61,China
266,Ham,Male,27,Honduras
267,Wrennie,Female,65,Poland
268,Kathy,Female,48,Brazil
269,Nev,Male,19,Latvia
270,Cathlene,Female,86,Greece
271,Sig,Male,32,Poland
272,Maddie,Female,81,China
273,Doe,Female,87,Serbia
274,Karel,Male,26,Canada
275,Grenville,Male,16,Colombia
276,Fredericka,Female,55,Sweden
277,Alvan,Male,11,Sweden
278,Nelly,Female,38,Colombia
279,Fenelia,Female,86,China
280,Alan,Male,14,Slovenia
281,Yance,Male,44,Serbia
282,Addy,Male,39,Philippines
283,Erich,Male,36,Serbia
284,Lyman,Male,30,Trinidad and Tobago
285,Alikee,Agender,42,Russia
286,Rustin,Male,28,France
287,Aindrea,Female,87,Philippines
288,Adlai,Male,24,Philippines
289,Kahaleel,Male,85,Indonesia
290,Cleo,Polygender,73,China
291,Stanislaw,Male,68,Serbia
292,Rhoda,Female,36,Uruguay
293,Joey,Female,63,Peru
294,Odella,Female,71,Madagascar
295,Lolly,Female,30,China
296,Shanna,Female,75,China
297,Hedvig,Female,24,China
298,Aloin,Male,84,China
299,Kean,Male,34,South Africa
300,Berry,Female,13,China
301,Rivi,Polygender,23,Sweden
302,Bryan,Male,49,China
303,Jakob,Male,75,Czech Republic
304,Maggy,Female,90,Philippines
305,Bibi,Female,82,China
306,Hester,Female,84,Greece
307,Osbourn,Male,97,Tanzania
308,Lilla,Female,67,Philippines
309,Veronique,Female,52,Indonesia
310,Buck,Genderfluid,29,Poland
311,Rowland,Polygender,33,Tanzania
312,Amil,Female,87,Colombia
313,Thurston,Male,54,Russia
314,Madalyn,Female,59,Brazil
315,Nikola,Male,53,Lithuania
316,Dorolice,Female,60,Indonesia
317,Roi,Male,12,Ecuador
318,Charmane,Female,35,Dominican Republic
319,Emmi,Female,30,Brazil
320,Algernon,Male,49,China
321,Stephenie,Female,34,Colombia
322,Trina,Female,98,Russia
323,Clari,Female,24,China
324,Madelene,Female,97,France
325,Truda,Female,87,China
326,Hyatt,Male,80,Norway
327,Alisander,Male,70,Serbia
328,Alexandra,Female,75,China
329,Millie,Genderqueer,24,Indonesia
330,Lori,Female,52,United States
331,Joete,Female,82,Japan
332,Solly,Male,96,Russia
333,Vladamir,Genderqueer,98,Peru
334,Umberto,Male,52,Philippines
335,Christi,Female,81,Sudan
336,Anestassia,Female,62,Brazil
337,Christos,Male,45,Mexico
338,Edithe,Female,16,Japan
339,Tootsie,Female,60,France
340,Orson,Male,65,China
341,Mill,Male,87,Portugal
342,Jewelle,Female,19,Sweden
343,Rudyard,Male,22,Russia
344,Alameda,Female,96,China
345,Saundra,Male,99,Russia
346,Earle,Male,78,Portugal
347,Dolores,Female,41,Mexico
348,Janka,Female,69,Indonesia
349,Liam,Male,97,Nigeria
350,Farleigh,Male,36,Slovenia
351,Stoddard,Female,68,Costa Rica
352,Natalya,Female,71,Philippines
353,Faustina,Female,24,Indonesia
354,Denyse,Female,96,Russia
355,Carolin,Female,68,Namibia
356,Michaeline,Female,52,Russia
357,Heidie,Female,64,United States
358,Efrem,Male,87,Sri Lanka
359,Gussie,Non-binary,64,United States
360,Jourdain,Male,36,Vietnam
361,Yvon,Male,81,Morocco
362,Jerrie,Male,77,Indonesia
363,Meridel,Female,63,Croatia
364,Elias,Male,23,Colombia
365,Putnam,Male,34,Malawi
366,Loraine,Female,17,France
367,Junie,Female,22,Sweden
368,Jeanne,Non-binary,69,Ukraine
369,Barclay,Male,32,Colombia
370,Oralee,Female,28,Czech Republic
371,Edie,Female,73,Iraq
372,Gonzalo,Male,91,Russia
373,Mariellen,Non-binary,64,China
374,Aubert,Male,84,United Arab Emirates
375,Ab,Male,41,Malaysia
376,Nicolais,Genderqueer,18,Indonesia
377,Jessa,Female,75,Ireland
378,Brennen,Male,84,China
379,Roderich,Male,77,China
380,Jeddy,Male,76,France
381,Layney,Female,32,Russia
382,Shanon,Female,97,Indonesia
383,Dulcinea,Female,81,Canada
384,Mallory,Male,10,Philippines
385,Jan,Female,41,China
386,Norrie,Male,85,Ecuador
387,Sandie,Female,17,Sweden
388,Oberon,Male,60,Thailand
389,Mignon,Female,61,Philippines
390,Daloris,Female,82,Philippines
391,Tymothy,Male,46,China
392,Meta,Female,12,Czech Republic
393,Jerrine,Female,76,Uzbekistan
394,Natal,Male,21,China
395,Ruthanne,Female,19,Uganda
396,Etheline,Female,53,Nigeria
397,Cassey,Female,91,Benin
398,Diahann,Female,44,Peru
399,Waldemar,Non-binary,49,Azerbaijan
400,Torey,Male,17,Netherlands
401,Bradford,Bigender,63,Indonesia
402,Andie,Male,69,Russia
403,Alejandra,Female,14,China
404,Ancell,Male,21,Palestinian Territory
405,Abelard,Male,44,Russia
406,Aurore,Female,43,Poland
407,Arlie,Female,91,Brazil
408,Arney,Male,23,Cyprus
409,Morgen,Female,40,United States
410,Waring,Male,19,Mexico
411,Kelcy,Female,64,China
412,Maryjo,Female,22,China
413,Ariana,Female,45,Venezuela
414,Mattias,Male,76,Canada
415,Ricki,Male,13,Vietnam
416,Adham,Polygender,67,Sweden
417,Xena,Female,18,Nigeria
418,Elenore,Female,51,Honduras
419,Renee,Female,44,Morocco
420,Tommy,Male,50,Egypt
421,Charles,Male,40,Russia
422,Kele,Male,42,United States
423,Vania,Female,25,Swaziland
424,Joachim,Male,32,Argentina
425,Elvin,Male,63,France
426,Neda,Female,20,Nigeria
427,Gratia,Female,57,Japan
428,Marlyn,Female,95,China
429,Nataniel,Male,47,Cameroon
430,Lowell,Male,74,Russia
431,Dorene,Non-binary,65,Mauritania
432,Elmore,Male,20,Bulgaria
433,Rosetta,Female,46,China
434,Aharon,Male,31,Mongolia
435,Kiele,Female,61,Australia
436,Rosanne,Female,34,Indonesia
437,Edna,Female,29,Japan
438,Travus,Male,78,China
439,Emmalynn,Female,82,Colombia
440,Scott,Agender,52,Czech Republic
441,Johnnie,Male,18,Indonesia
442,Theadora,Female,95,China
443,Orsola,Female,59,Indonesia
444,Eldon,Male,36,Sweden
445,Fair,Male,13,China
446,Jeffy,Male,72,Russia
447,Teresa,Female,50,France
448,Artemus,Male,76,Argentina
449,Haley,Male,83,United States
450,Blondelle,Female,96,Poland
451,Correy,Male,63,Russia
452,Godfree,Male,61,Philippines
453,Micki,Female,99,France
454,Kizzie,Female,88,Malta
455,Herminia,Female,71,Russia
456,Hubert,Male,54,Indonesia
457,Dell,Male,32,Portugal
458,Monroe,Male,22,Czech Republic
459,Ellis,Male,33,Norway
460,Ronald,Male,40,China
461,Sandro,Genderqueer,29,South Africa
462,Zarah,Female,83,Argentina
463,Pepe,Male,97,Portugal
464,Paddie,Male,19,Philippines
465,Cookie,Female,11,Indonesia
466,Saunderson,Male,19,Argentina
467,Trula,Female,23,Peru
468,Gris,Male,96,China
469,Abbe,Male,21,France
470,Katheryn,Female,64,Indonesia
471,Deck,Male,86,Mozambique
472,Othelia,Female,19,Thailand
473,Mathilde,Bigender,13,Vietnam
474,Solly,Male,46,Greece
475,Taylor,Agender,62,Latvia
476,Bonita,Female,24,Cyprus
477,Ole,Non-binary,46,China
478,Fredelia,Female,34,Indonesia
479,Magdalen,Female,90,China
480,Pall,Male,33,China
481,Kailey,Female,79,Russia
482,Jerad,Male,87,Jamaica
483,Sindee,Female,40,China
484,Mira,Female,22,Philippines
485,Joycelin,Female,49,Philippines
486,Amye,Female,13,Kosovo
487,Sher,Female,45,Japan
488,Betsy,Female,29,Indonesia
489,Jessee,Male,91,Brazil
490,Noah,Male,56,China
491,Erin,Female,56,China
492,Carlynn,Female,85,Zimbabwe
493,Alfonse,Male,100,Sweden
494,Hyman,Male,13,Madagascar
495,Dunstan,Male,43,Russia
496,Shaina,Female,77,Canada
497,Stephen,Male,52,Greece
498,Vick,Male,87,Colombia
499,Codie,Male,55,Russia
500,Loren,Male,82,Nigeria
501,Amberly,Female,39,Mexico
502,Arnaldo,Male,28,Saudi Arabia
503,Lana,Female,44,New Zealand
504,Donall,Male,76,Norway
505,Cross,Agender,67,Malaysia
506,Mavra,Female,37,China
507,Lissie,Female,87,China
508,Emanuel,Male,14,France
509,Emmey,Genderqueer,31,China
510,Denise,Female,83,Indonesia
511,Tallulah,Agender,13,Czech Republic
512,Theodore,Male,76,Honduras
513,Erastus,Male,67,Brazil
514,Dominica,Bigender,74,China
515,Timothee,Male,90,Brazil
516,Colet,Male,59,Argentina
517,Wilton,Polygender,69,Libya
518,Amara,Female,87,Indonesia
519,Lyn,Male,13,Philippines
520,Winnifred,Female,42,Russia
521,Zonda,Female,16,Indonesia
522,Charo,Female,56,Mali
523,Jerad,Male,89,China
524,Charmain,Female,87,Indonesia
525,Emmalyn,Female,75,China
526,Dominic,Polygender,72,Philippines
527,Tabbie,Male,58,Brazil
528,Briant,Male,43,Czech Republic
529,Edd,Male,54,China
530,Anatollo,Male,49,Albania
531,Wendell,Male,72,Ukraine
532,Bard,Male,73,Venezuela
533,Hobie,Male,80,United States
534,Francklin,Male,63,Poland
535,Isahella,Female,82,China
536,Cornelius,Male,50,Indonesia
537,Harlin,Male,32,China
538,Casi,Female,75,Czech Republic
539,Demetrius,Male,12,China
540,Jesse,Genderqueer,74,Brazil
541,Arlene,Female,76,China
542,Luciana,Female,29,Poland
543,Bailey,Male,46,Russia
544,Kinnie,Male,41,Albania
545,Emmey,Female,97,Indonesia
546,Gavrielle,Female,53,Russia
547,Anette,Female,69,Russia
548,Vito,Male,17,Honduras
549,Joice,Female,30,Nigeria
550,Del,Female,81,Swaziland
551,Ardyce,Female,67,Portugal
552,Ursa,Female,85,China
553,Ange,Female,22,China
554,Coop,Male,43,Moldova
555,Burke,Male,96,Guatemala
556,Collette,Female,78,Indonesia
557,Silvan,Male,28,Colombia
558,Sutherland,Male,22,Palestinian Territory
559,Harmonie,Female,27,Indonesia
560,Lavinie,Female,20,Indonesia
561,Tracie,Polygender,100,Colombia
562,Murry,Male,88,United States
563,Kienan,Male,69,France
564,Far,Male,38,China
565,Eartha,Female,48,Ukraine
566,Geri,Agender,82,China
567,Annaliese,Female,98,Portugal
568,Ev,Male,32,Ecuador
569,Galvin,Male,14,Philippines
570,Prinz,Male,51,Portugal
571,Violetta,Bigender,59,China
572,Jerrie,Genderqueer,70,China
573,Alejandra,Female,76,China
574,Barbi,Female,49,Greece
575,Obidiah,Male,31,Yemen
576,Leisha,Female,67,France
577,Corette,Female,37,Brazil
578,Fletch,Male,50,Jordan
579,Adriano,Male,79,Portugal
580,Chloris,Female,81,Malta
581,Vinny,Female,94,Philippines
582,Clair,Female,49,Kenya
583,Kiley,Female,27,Thailand
584,Amie,Non-binary,46,China
585,Heall,Male,63,Japan
586,Rudolph,Male,93,Kazakhstan
587,Winslow,Male,67,Afghanistan
588,Mathe,Male,71,Greece
589,Anastasie,Female,15,Poland
590,Lesley,Female,97,Vietnam
591,Robbert,Male,68,China
592,Efrem,Male,68,Portugal
593,Lory,Bigender,56,Morocco
594,Keenan,Male,69,China
595,Jamie,Genderfluid,13,China
596,Merralee,Female,89,Ghana
597,Brigid,Female,64,Tanzania
598,Philomena,Female,67,Sweden
599,Larissa,Bigender,100,China
600,Lorri,Female,19,France
601,Ferrell,Male,50,France
602,Chic,Male,13,China
603,Boony,Male,88,Dominican Republic
604,Marlowe,Male,77,Philippines
605,Curr,Male,61,Thailand
606,Daffi,Female,68,China
607,Drucill,Bigender,93,Netherlands
608,Roanne,Female,55,France
609,Carlin,Male,69,Myanmar
610,Emilee,Female,62,Philippines
611,Kennie,Male,90,Palestinian Territory
612,Barbette,Female,56,Philippines
613,Kacey,Female,13,Sweden
614,Luci,Female,16,China
615,Ernesto,Male,40,Argentina
616,Bret,Male,93,Russia
617,Juline,Genderqueer,78,Indonesia
618,Wileen,Female,57,Thailand
619,Sammie,Male,80,Philippines
620,Cheri,Female,29,Egypt
621,Lark,Female,55,Brazil
622,Kermy,Male,15,Philippines
623,Zilvia,Female,99,Brazil
624,Jerrold,Male,63,Czech Republic
625,Eldin,Male,25,Thailand
626,Joann,Female,97,Czech Republic
627,Kyla,Female,67,Malta
628,Gothart,Male,80,Brazil
629,Lorne,Male,47,Iran
630,Rurik,Male,95,Philippines
631,Brit,Male,100,Indonesia
632,Merle,Female,51,Greece
633,Olia,Genderfluid,28,China
634,Myrle,Female,36,China
635,Milzie,Female,49,Czech Republic
636,Aleen,Female,15,Germany
637,Elinor,Non-binary,69,Argentina
638,Alene,Female,87,Italy
639,Kayne,Male,14,United States
640,Eustace,Male,92,Sweden
641,Ulrich,Male,18,Philippines
642,Amalle,Female,24,China
643,Francois,Male,83,Indonesia
644,Ethan,Male,56,China
645,Guillema,Female,21,China
646,Charmine,Female,31,Italy
647,Moises,Male,45,Thailand
648,Halley,Female,18,Czech Republic
649,Olly,Female,22,China
650,Elita,Female,96,Poland
651,Isa,Female,99,Sweden
652,Celestina,Female,84,France
653,Annetta,Female,98,Brazil
654,Bailie,Male,41,Indonesia
655,Rora,Genderfluid,50,China
656,Caitrin,Female,95,China
657,Benedicta,Female,64,Chile
658,Norina,Female,64,France
659,Hilliard,Male,65,China
660,Gweneth,Polygender,27,Mexico
661,Letizia,Female,28,Ukraine
662,Tedmund,Male,60,Poland
663,Micah,Male,52,Turkey
664,Corina,Female,62,Trinidad and Tobago
665,Ailee,Female,98,Sweden
666,Christophe,Male,43,Russia
667,Alfredo,Male,40,Greece
668,Tiffie,Female,92,Indonesia
669,Janene,Female,44,Indonesia
670,Martainn,Male,88,New Zealand
671,Neron,Male,64,Iran
672,Else,Female,39,Macedonia
673,Jean,Male,36,Indonesia
674,Dacy,Female,35,Afghanistan
675,Felicity,Genderfluid,54,Russia
676,Yolane,Agender,35,Philippines
677,Roland,Male,82,Russia
678,Kendall,Male,41,Czech Republic
679,Fifi,Genderqueer,19,Thailand
680,Joshua,Male,28,Brazil
681,Gonzalo,Male,20,Indonesia
682,Manuel,Male,39,China
683,Bendick,Male,20,Democratic Republic of the Congo
684,Morissa,Female,45,Sweden
685,Bernadina,Female,72,Argentina
686,Rhianon,Female,83,Indonesia
687,Kaitlynn,Female,99,Indonesia
688,Darrell,Non-binary,65,China
689,Gabie,Male,72,Indonesia
690,Derrick,Male,53,China
691,Merralee,Female,64,Japan
692,Ailee,Bigender,39,Indonesia
693,Traver,Male,44,Argentina
694,Adriane,Female,62,France
695,Dyann,Female,77,Democratic Republic of the Congo
696,Claudetta,Female,86,Thailand
697,Rosanne,Female,13,United States
698,Samuel,Male,32,Bolivia
699,Bartlet,Male,88,Cambodia
700,Ignacius,Male,31,Sweden
701,Rosamond,Female,73,Bosnia and Herzegovina
702,Xenia,Female,86,Sweden
703,Nola,Genderqueer,60,Bangladesh
704,Cookie,Female,91,Brazil
705,Linnea,Female,67,Finland
706,Harlin,Male,81,Cuba
707,Hubie,Genderqueer,26,Portugal
708,Winston,Male,86,China
709,Florette,Genderfluid,19,Colombia
710,Cynde,Non-binary,87,Philippines
711,Elie,Female,83,China
712,Raf,Female,98,China
713,Mahala,Female,48,China
714,Toddy,Male,72,Benin
715,Rudy,Male,12,Russia
716,Godard,Male,38,Chad
717,Seth,Male,81,Finland
718,Kristyn,Female,92,Indonesia
719,Quinton,Male,84,Tunisia
720,Tish,Female,83,Sweden
721,Sonnie,Male,37,Canada
722,Papageno,Male,20,Greece
723,Mendie,Male,32,China
724,Annabel,Female,67,China
725,Torey,Female,64,Kazakhstan
726,Bart,Male,53,Portugal
727,Seth,Male,29,Portugal
728,Rina,Female,57,Argentina
729,Sally,Female,84,China
730,Margaret,Female,34,China
731,Domeniga,Female,39,Argentina
732,Lanny,Male,55,Philippines
733,Keary,Male,80,Canada
734,Reilly,Male,18,Poland
735,Dania,Female,38,Palau
736,Jesus,Male,15,Nigeria
737,Kylila,Female,62,Panama
738,Thatch,Genderfluid,27,China
739,Rob,Male,54,China
740,Ashlin,Male,28,Costa Rica
741,Stillmann,Male,99,Guatemala
742,Blanche,Bigender,100,Ecuador
743,Bancroft,Male,56,Portugal
744,Kalindi,Female,82,China
745,Gina,Female,11,China
746,Lurlene,Female,43,China
747,Corrine,Female,39,Bulgaria
748,Bobbee,Female,96,Uzbekistan
749,Pennie,Genderfluid,90,Cuba
750,Reggi,Female,29,Czech Republic
751,Fidole,Male,84,Brazil
752,Marylou,Female,95,Indonesia
753,Junette,Female,10,Indonesia
754,Aubrette,Female,65,Argentina
755,Noam,Male,91,China
756,Justen,Male,96,Poland
757,Margette,Female,40,China
758,Sheryl,Female,55,Indonesia
759,Felicio,Bigender,25,Mexico
760,Esme,Female,67,Philippines
761,Brittan,Female,47,Philippines
762,Blythe,Female,100,China
763,Danita,Female,50,Philippines
764,Hestia,Female,16,Mexico
765,Guthrie,Male,60,China
766,Rozanne,Female,25,Ukraine
767,Lydon,Male,24,Indonesia
768,Antonella,Genderqueer,62,Philippines
769,Lucina,Female,10,Norway
770,Reuben,Male,60,China
771,Birch,Male,84,China
772,Olwen,Female,73,China
773,Oswell,Male,33,Indonesia
774,Skipper,Male,29,China
775,Silvia,Female,69,Brazil
776,Scottie,Male,90,Peru
777,Janaya,Female,91,China
778,Ariel,Male,14,China
779,Porter,Male,71,Philippines
780,Idell,Female,87,Syria
781,Lucais,Male,73,Philippines
782,Olly,Male,75,Philippines
783,Kali,Female,61,Indonesia
784,Taite,Male,47,South Korea
785,Perry,Male,74,Ukraine
786,Zora,Female,41,Czech Republic
787,Dore,Male,32,China
788,Coleman,Male,11,Portugal
789,Sigmund,Male,63,Canada
790,Jilleen,Female,34,Iran
791,Cory,Male,83,Mexico
792,Darsey,Female,53,Laos
793,Sinclair,Male,69,Madagascar
794,Babara,Female,26,Russia
795,Rubia,Female,84,Portugal
796,Margret,Female,14,Indonesia
797,Keen,Male,63,Russia
798,Elset,Female,64,United States
799,Craggy,Male,96,United States
800,Rosetta,Female,10,Colombia
801,Franchot,Male,91,China
802,Corny,Non-binary,27,China
803,Laney,Female,96,Vietnam
804,Klara,Female,43,China
805,Drusy,Female,72,North Korea
806,Cristen,Female,54,Mongolia
807,Doreen,Female,77,Dominican Republic
808,Harald,Male,22,France
809,Zabrina,Female,12,China
810,Fernanda,Female,62,Ukraine
811,Fania,Female,17,Russia
812,Delmor,Male,92,China
813,Minnnie,Female,97,Bangladesh
814,Albrecht,Male,52,Brazil
815,Ag,Female,40,China
816,Jeanelle,Female,85,Brazil
817,Tobey,Female,76,Poland
818,Pauly,Male,50,Vietnam
819,Carly,Male,83,Armenia
820,Stephi,Female,33,China
821,Carrol,Male,59,Brazil
822,Isidora,Female,73,Brazil
823,Griffie,Male,79,Philippines
824,Padgett,Male,99,Palestinian Territory
825,Nollie,Female,51,Philippines
826,Caty,Female,67,China
827,Reba,Female,69,China
828,Jill,Bigender,32,Serbia
829,Kenn,Male,59,Bangladesh
830,Rosaline,Female,45,Pakistan
831,Dorie,Genderqueer,48,China
832,Vinson,Male,26,Myanmar
833,Aeriel,Female,80,Norway
834,Sigmund,Male,19,Indonesia
835,Hewe,Agender,86,Philippines
836,Jeddy,Male,82,Indonesia
837,Ugo,Male,18,Colombia
838,Vidovik,Male,97,Botswana
839,Lemmie,Genderqueer,17,Brazil
840,Bria,Female,57,Czech Republic
841,Hamnet,Male,84,Madagascar
842,Modesty,Female,12,China
843,Augie,Male,75,China
844,Andromache,Female,40,Poland
845,Loralee,Female,64,France
846,Corella,Female,94,Netherlands
847,Gipsy,Female,24,China
848,Gian,Male,28,Portugal
849,Clim,Non-binary,40,South Africa
850,Lishe,Female,40,Argentina
851,Lucius,Male,11,Portugal
852,Claybourne,Male,53,Albania
853,Katti,Female,94,China
854,Ham,Male,100,China
855,Tyrone,Male,94,Sweden
856,Hilliary,Female,63,Belize
857,Maurise,Male,73,Ethiopia
858,Brennen,Male,66,Mexico
859,Beitris,Bigender,48,Brazil
860,Roma,Male,75,Morocco
861,Alexandr,Male,80,Syria
862,Clarance,Male,92,Bangladesh
863,Pat,Male,33,China
864,Maybelle,Female,27,Canada
865,Arnoldo,Male,96,Portugal
866,Keary,Male,29,Syria
867,Arie,Male,49,China
868,Elton,Male,35,Russia
869,Geraldine,Female,75,Philippines
870,Paloma,Female,63,Armenia
871,Darelle,Female,97,Greece
872,Jaquenette,Female,46,Angola
873,Kesley,Female,39,France
874,Lyndy,Female,39,Greece
875,Valry,Genderfluid,32,Brazil
876,Marquita,Genderqueer,82,Indonesia
877,Kristan,Female,10,Paraguay
878,Hillary,Male,49,Afghanistan
879,Herve,Male,48,France
880,Wendel,Male,11,Portugal
881,Clarence,Genderqueer,37,Greece
882,Cherie,Female,31,Bosnia and Herzegovina
883,Sadye,Female,85,Indonesia
884,Kenn,Male,96,China
885,Karlis,Male,37,China
886,Annmaria,Female,88,Nigeria
887,Quillan,Male,67,Ukraine
888,Ludwig,Male,50,Dominican Republic
889,Neron,Non-binary,21,China
890,Zach,Male,95,Liechtenstein
891,Kylynn,Bigender,18,Sweden
892,Evangeline,Female,44,Japan
893,Farrel,Male,80,Indonesia
894,Joelynn,Female,50,China
895,Salomone,Male,90,Russia
896,Guglielmo,Male,43,Mexico
897,Indira,Female,51,China
898,Kurt,Male,72,Indonesia
899,Mamie,Female,24,China
900,Gerrie,Bigender,24,Russia
901,Scarlett,Female,71,Sweden
902,Addison,Male,10,Russia
903,Kris,Female,19,Philippines
904,Darline,Female,28,Haiti
905,Abigail,Female,98,Indonesia
906,Kati,Female,82,Brazil
907,Rianon,Female,18,France
908,Maddalena,Female,68,China
909,Tate,Polygender,73,Indonesia
910,Norina,Female,55,Indonesia
911,Carlin,Genderfluid,19,Indonesia
912,Ardene,Female,38,China
913,Wenda,Female,56,Colombia
914,Karina,Female,78,Portugal
915,Adelind,Female,38,Brazil
916,Jordon,Male,92,Kazakhstan
917,Maynard,Male,72,Argentina
918,Merrilee,Female,71,Indonesia
919,Noak,Male,99,United States
920,Roosevelt,Male,42,Ukraine
921,Renell,Female,47,China
922,Sebastien,Male,79,Indonesia
923,Monty,Genderqueer,50,United States
924,Lesli,Female,43,Chile
925,Eada,Female,71,Portugal
926,Conney,Male,16,Russia
927,Rickard,Male,10,Philippines
928,Brook,Male,96,China
929,Teddie,Male,40,Mongolia
930,Stanley,Male,91,Indonesia
931,Dilly,Male,65,China
932,Auberon,Male,74,Indonesia
933,Bert,Female,43,Egypt
934,Wilmer,Male,54,South Africa
935,Cy,Male,98,Peru
936,Hilde,Female,66,China
937,Timmi,Female,81,Croatia
938,Kin,Male,15,Indonesia
939,Rickey,Male,73,Indonesia
940,Sandye,Female,93,Italy
941,Tomas,Male,92,Brazil
942,Alayne,Female,10,Poland
943,Heidie,Female,100,Brazil
944,Damita,Female,39,Canada
945,Audre,Female,44,Ireland
946,Adamo,Male,92,Palestinian Territory
947,Dionisio,Male,79,Indonesia
948,Lukas,Male,84,Brazil
949,Gusella,Female,43,Malaysia
950,Natalina,Female,88,Vietnam
951,Marshall,Male,91,Sweden
952,Joshia,Male,16,Sweden
953,Pinchas,Male,96,Argentina
954,Lezlie,Female,60,Croatia
955,Valle,Genderqueer,34,Philippines
956,Lesli,Female,25,Russia
957,Corie,Female,34,Mongolia
958,Fifi,Female,72,Indonesia
959,Dominga,Female,16,Colombia
960,Murdock,Male,11,Russia
961,Brita,Female,98,Philippines
962,Shannah,Female,31,China
963,Ruthie,Female,89,Sri Lanka
964,Burk,Male,18,Thailand
965,Alfy,Male,85,Philippines
966,Alister,Male,17,Indonesia
967,Blondie,Female,74,China
968,Lucretia,Female,63,Myanmar
969,April,Female,74,Peru
970,Elaina,Female,72,Guatemala
971,Lonny,Male,62,Ukraine
972,Cornell,Male,37,Syria
973,Ardra,Female,11,Russia
974,Marmaduke,Male,56,Sweden
975,Judie,Female,69,United States
976,Arabella,Female,31,Kenya
977,Fabien,Male,72,Pakistan
978,Marjie,Female,86,Canada
979,Johna,Female,15,Iran
980,Vanya,Female,65,Palestinian Territory
981,Rhodie,Female,52,China
982,Carlynn,Female,81,China
983,Hillard,Male,72,Philippines
984,Darwin,Male,43,Philippines
985,Tadeo,Male,66,Russia
986,Emmanuel,Male,20,Argentina
987,Gregorius,Male,92,Morocco
988,Mariel,Genderfluid,67,Indonesia
989,Easter,Female,73,Mexico
990,Norbert,Male,33,China
991,Gerry,Male,24,Madagascar
992,Felecia,Female,76,Philippines
993,Lilla,Female,99,South Korea
994,Faun,Female,84,China
995,Klarika,Female,79,Austria
996,Tallia,Female,38,Indonesia
997,Chadd,Male,60,China
998,Renae,Female,97,Indonesia
999,Ellette,Female,80,China
1000,Joleen,Female,92,Russia
